{
  "processedFiles": 0,
  "sectionOccurrences": {
    "DEMOGRAPHICS": 83,
    "SYMPTOMS": 1406,
    "ENVIRONMENTAL": 121,
    "MEDICAL_HISTORY": 165,
    "ATTENDANT_CARE": 439,
    "FUNCTIONAL_STATUS": 111,
    "TYPICAL_DAY": 140,
    "ADLS": 197
  },
  "confidenceScores": {
    "DEMOGRAPHICS": {
      "sum": 32,
      "count": 83,
      "min": 0.3333333333333333,
      "max": 0.5,
      "average": 0.3855421686746988
    },
    "SYMPTOMS": {
      "sum": 476.53333333332387,
      "count": 1406,
      "min": 0.3333333333333333,
      "max": 0.8666666666666667,
      "average": 0.3389284020862901
    },
    "ENVIRONMENTAL": {
      "sum": 42.73333333333336,
      "count": 121,
      "min": 0.3333333333333333,
      "max": 0.5333333333333333,
      "average": 0.3531680440771352
    },
    "MEDICAL_HISTORY": {
      "sum": 57.46666666666681,
      "count": 165,
      "min": 0.3333333333333333,
      "max": 0.6666666666666666,
      "average": 0.34828282828282914
    },
    "ATTENDANT_CARE": {
      "sum": 149.59999999999988,
      "count": 439,
      "min": 0.3333333333333333,
      "max": 0.6666666666666666,
      "average": 0.34077448747152594
    },
    "FUNCTIONAL_STATUS": {
      "sum": 41.66666666666668,
      "count": 111,
      "min": 0.3333333333333333,
      "max": 0.8666666666666667,
      "average": 0.37537537537537546
    },
    "TYPICAL_DAY": {
      "sum": 51.53333333333341,
      "count": 140,
      "min": 0.3333333333333333,
      "max": 0.6666666666666666,
      "average": 0.36809523809523864
    },
    "ADLS": {
      "sum": 72.06666666666675,
      "count": 197,
      "min": 0.3333333333333333,
      "max": 0.8666666666666667,
      "average": 0.3658206429780038
    }
  },
  "fieldExtraction": {
    "DEMOGRAPHICS.name": 56,
    "DEMOGRAPHICS.dob": 28,
    "DEMOGRAPHICS.age": 0,
    "DEMOGRAPHICS.gender": 3,
    "DEMOGRAPHICS.address": 53,
    "DEMOGRAPHICS.phone": 26,
    "DEMOGRAPHICS.referralSource": 5,
    "DEMOGRAPHICS.insuranceInfo": 55,
    "SYMPTOMS.reportedSymptoms": 779,
    "SYMPTOMS.painDescription": 88,
    "SYMPTOMS.painLocation": 309,
    "SYMPTOMS.painIntensity": 97,
    "SYMPTOMS.aggravatingFactors": 74,
    "SYMPTOMS.relievingFactors": 76,
    "SYMPTOMS.functionalImpact": 440,
    "SYMPTOMS.symptomOnset": 307,
    "SYMPTOMS.symptomProgression": 156,
    "SYMPTOMS.symptomNotes": 1406,
    "ENVIRONMENTAL.homeType": 47,
    "ENVIRONMENTAL.livingArrangement": 40,
    "ENVIRONMENTAL.homeLayout": 31,
    "ENVIRONMENTAL.access": 121,
    "ENVIRONMENTAL.barriers": 0,
    "ENVIRONMENTAL.recommendations": 0,
    "ENVIRONMENTAL.safetyRisks": 0,
    "ENVIRONMENTAL.environmentalNotes": 121,
    "MEDICAL_HISTORY.conditions": 0,
    "MEDICAL_HISTORY.diagnoses": 24,
    "MEDICAL_HISTORY.surgeries": 0,
    "MEDICAL_HISTORY.medications": 0,
    "MEDICAL_HISTORY.allergies": 0,
    "MEDICAL_HISTORY.primaryDiagnosis": 23,
    "MEDICAL_HISTORY.secondaryDiagnoses": 5,
    "MEDICAL_HISTORY.medicalNotes": 165,
    "ATTENDANT_CARE.caregiverInfo": 439,
    "ATTENDANT_CARE.careNeeds": 439,
    "ATTENDANT_CARE.careHours": 439,
    "ATTENDANT_CARE.recommendations": 0,
    "ATTENDANT_CARE.currentServices": 0,
    "ATTENDANT_CARE.notes": 439,
    "FUNCTIONAL_STATUS.mobilityStatus": 29,
    "FUNCTIONAL_STATUS.transferStatus": 15,
    "FUNCTIONAL_STATUS.balanceStatus": 6,
    "FUNCTIONAL_STATUS.functionalLimitations": 26,
    "FUNCTIONAL_STATUS.assistiveDevices": 49,
    "FUNCTIONAL_STATUS.safety": 111,
    "FUNCTIONAL_STATUS.endurance": 19,
    "FUNCTIONAL_STATUS.functionalGoals": 0,
    "FUNCTIONAL_STATUS.notes": 111,
    "TYPICAL_DAY.morningRoutine": 74,
    "TYPICAL_DAY.afternoonRoutine": 21,
    "TYPICAL_DAY.eveningRoutine": 26,
    "TYPICAL_DAY.nightRoutine": 20,
    "TYPICAL_DAY.dailyActivities": 1,
    "TYPICAL_DAY.weeklyActivities": 0,
    "TYPICAL_DAY.leisureActivities": 0,
    "TYPICAL_DAY.routineNotes": 140,
    "ADLS.selfCare": 197,
    "ADLS.mobility": 197,
    "ADLS.instrumental": 197,
    "ADLS.summary": 39,
    "ADLS.recommendations": 0,
    "ADLS.adlNotes": 197
  },
  "patternMatches": {},
  "startTime": "2025-03-01T21:05:29.691Z",
  "endTime": "2025-03-01T21:15:36.173Z",
  "processingTime": 606482,
  "totalFiles": 91
}